{"IncompatMaskDetector": 3.484950279351324, "GetResourceDetector": 1.2669967184774578, "StaticDateFormatDetector": 1.1496929754503071, "NotThrowDetector": 2.2887102169916034, "EqualsClassNameDetector": 1.1965880836360157, "CollectionAddItselfDetector": 1.4973028604872525, "FindRoughConstantsDetector": 8.653953036759049, "EqualityDetector": 2.2201107488945127, "CallToNullDetector": 4.277892258949578, "SimpleSuperclassNameDetector": 1.3456639884971082, "SimpleInterfaceNameDetector": 1.6921870899386704, "HashCodeNameDetector": 1.5896804933436215, "ToStringNameDetector": 1.3517416990362108, "DontCatchIllegalMonitorStateException": 0.9570095213130116, "ExplicitInvDetector": 5.705472700763494, "PublicAccessDetector": 0.9548704903572798, "DefSerialVersionID": 0.7077465779148042, "DefReadResolveMethod": 1.228585078381002, "SuspiciousCollectionMethodDetector": 1.5141897308640182, "FinalizerOnExitDetector": 4.631871671415865, "RandomOnceDetector": 4.1379534592852, "RandomD2IDetector": 3.9227709053084254, "StringCtorDetector": 3.7185968160629272, "NewLineDetector": 3.1773934103548527, "InvalidMinMaxDetector": 1.3419501292519271, "CheckForSelfComputation": 3.0398739352822304, "CheckForSelfComparison": 8.357932284940034, "FindDeadLocalIncrementInReturn": 1.2361594401299953, "DefPrivateMethod": 1.1760366731323302, "EqualNameDetector": 1.5208501946181059, "BooleanAssignmentDetector": 1.248967262916267, "BadMonthDetector": 2.8956435890868306, "ShiftAddPriorityDetector": 0.8167282897047698, "FloatEqualityDetector": 0.6958894776180387, "FindBadCastDetector": 0.6520898318849504, "OverwrittenIncrementDetector": 0.9555169497616589, "SingleDotPatternDetector": 1.4574268599972129, "FileSeparatorAsRegexpDetector": 0.7096503786742687, "ClassNameConventionDetector": 0.769687426276505, "MethodNameConventionDetector": 10.580963553395122, "DontUseEnumDetector": 1.5998733066953719, "CheckForSelfAssignment": 4.17543635610491, "CheckForSelfDoubleAssignment": 4.727643800899386}