{
    "community": {
        "elapsed_time_list": [
            0.6006221030838788,
            0.5811916149687022,
            0.5769042510073632,
            0.5858376498799771,
            0.5776616248767823
        ],
        "average": 0.5844434487633408
    },
    "Angular2AndJavaEE": {
        "elapsed_time_list": [
            0.25184556609019637,
            0.25168006704188883,
            0.25460456497967243,
            0.25504627800546587,
            0.2564777620136738
        ],
        "average": 0.25393084762617946
    },
    "biojava": {
        "elapsed_time_list": [
            19.58896982599981,
            19.262115641962737,
            19.225107588106766,
            19.208459332119673,
            19.225313689094037
        ],
        "average": 19.301993215456605
    },
    "nacos-spring-boot-project": {
        "elapsed_time_list": [
            0.31362298503518105,
            0.31103854486718774,
            0.31090089003555477,
            0.3104961421340704,
            0.31066977698355913
        ],
        "average": 0.3113456678111106
    },
    "spring-boot-java-swing-reservations": {
        "elapsed_time_list": [
            0.9225800288841128,
            0.9187737449537963,
            0.9141331948339939,
            0.9141655729617923,
            0.914565535960719
        ],
        "average": 0.9168436155188828
    },
    "quickfixj": {
        "elapsed_time_list": [
            3.2483354690484703,
            3.2825060810428113,
            3.2427951979916543,
            3.246712732827291,
            3.251015979796648
        ],
        "average": 3.254273092141375
    },
    "spring-comparing-template-engines": {
        "elapsed_time_list": [
            0.13853572099469602,
            0.14031693898141384,
            0.14151661982759833,
            0.13892562710680068,
            0.14124139305204153
        ],
        "average": 0.14010725999251009
    },
    "fabric8-maven-plugin": {
        "elapsed_time_list": [
            3.7848738441243768,
            3.7830017278902233,
            3.7950004818849266,
            3.79181746696122,
            3.787917925044894
        ],
        "average": 3.7885222891811283
    },
    "cloud-opensource-java": {
        "elapsed_time_list": [
            0.9047691479790956,
            0.8948208491783589,
            0.8937513001728803,
            0.8938771060202271,
            0.8963668171782047
        ],
        "average": 0.8967170441057533
    },
    "flyer-maker": {
        "elapsed_time_list": [
            0.1469765310175717,
            0.1459911719430238,
            0.14665519702248275,
            0.15116544906049967,
            0.1463936399668455
        ],
        "average": 0.14743639780208467
    },
    "gchisto": {
        "elapsed_time_list": [
            1.2248523531015962,
            1.2181034230161458,
            1.2345084140542895,
            1.2405338769312948,
            1.2351337678264827
        ],
        "average": 1.2306263669859618
    },
    "travels-java-api": {
        "elapsed_time_list": [
            0.3515751399099827,
            0.3495013660285622,
            0.34937811898998916,
            0.3502973390277475,
            0.3496760509442538
        ],
        "average": 0.35008560298010705
    },
    "spring-zeebe": {
        "elapsed_time_list": [
            0.22328840708360076,
            0.2225289400666952,
            0.2221646960824728,
            0.22224775305949152,
            0.22199633810669184
        ],
        "average": 0.22244522687979043
    },
    "visualee": {
        "elapsed_time_list": [
            0.3161339950747788,
            0.319221398094669,
            0.31452725105918944,
            0.3143292188178748,
            0.3145222160965204
        ],
        "average": 0.3157468158286065
    },
    "webcam-capture": {
        "elapsed_time_list": [
            1.9326997410971671,
            1.9319572909735143,
            1.9296141390223056,
            1.9400860390160233,
            1.928079997887835
        ],
        "average": 1.9324874415993691
    },
    "cloud-espm-v2": {
        "elapsed_time_list": [
            0.4570141469594091,
            0.4509111500810832,
            0.451012697070837,
            0.4511151278857142,
            0.45238280505873263
        ],
        "average": 0.45248718541115523
    },
    "reactive-ms-example": {
        "elapsed_time_list": [
            0.10034008207730949,
            0.09609531797468662,
            0.09490390005521476,
            0.09459538804367185,
            0.09311153879389167
        ],
        "average": 0.09580924538895488
    },
    "kafka-streams-machine-learning-examples": {
        "elapsed_time_list": [
            16.81281639286317,
            16.9959149020724,
            17.004762985976413,
            17.07061570091173,
            16.8394193649292
        ],
        "average": 16.94470586935058
    },
    "code-assert": {
        "elapsed_time_list": [
            1.1044923588633537,
            1.1007593350950629,
            1.1049422649666667,
            1.1006419330369681,
            1.103635956067592
        ],
        "average": 1.1028943696059286
    },
    "opencc4j": {
        "elapsed_time_list": [
            0.10474400105886161,
            0.10249311802908778,
            0.1030014120042324,
            0.10254044597968459,
            0.10298995301127434
        ],
        "average": 0.10315378601662814
    },
    "hprose-java": {
        "elapsed_time_list": [
            2.8534797148313373,
            2.844217502977699,
            2.8518019190523773,
            2.8499501801561564,
            2.8424678021110594
        ],
        "average": 2.8483834238257257
    },
    "SpringBootUnity": {
        "elapsed_time_list": [
            1.1890003869775683,
            1.1759148049168289,
            1.2079991861246526,
            1.1770027070306242,
            1.1810616829898208
        ],
        "average": 1.1861957536078989
    },
    "triava": {
        "elapsed_time_list": [
            0.9771172679029405,
            0.9778816278558224,
            0.9731331979855895,
            0.9742406611330807,
            0.9743881959002465
        ],
        "average": 0.975352190155536
    },
    "jol": {
        "elapsed_time_list": [
            0.863275287905708,
            0.8638356099836528,
            0.8576382691971958,
            0.8593103641178459,
            0.861777997110039
        ],
        "average": 0.8611675056628882
    },
    "cargotracker": {
        "elapsed_time_list": [
            0.7325586590450257,
            0.7267481489107013,
            0.7321885200217366,
            0.7246156451292336,
            0.7286813009995967
        ],
        "average": 0.7289584548212588
    },
    "hope-cloud": {
        "elapsed_time_list": [
            0.015380535973235965,
            0.014753689989447594,
            0.014714563032612205,
            0.014765199040994048,
            0.01461016503162682
        ],
        "average": 0.014844830613583326
    },
    "java-speech-api": {
        "elapsed_time_list": [
            0.28483699704520404,
            0.28334247786551714,
            0.2831846501212567,
            0.2844038240145892,
            0.28333407104946673
        ],
        "average": 0.2838204040192068
    },
    "jmh": {
        "elapsed_time_list": [
            3.706793830031529,
            3.715625159908086,
            3.7008203400764614,
            3.715782816056162,
            3.712756020948291
        ],
        "average": 3.710355633404106
    },
    "javaee-javascript": {
        "elapsed_time_list": [
            0.058653577929362655,
            0.05601556389592588,
            0.05622306698933244,
            0.056307348888367414,
            0.05588599806651473
        ],
        "average": 0.056617111153900626
    },