{"IncompatMaskDetector": 3.493478424847126, "GetResourceDetector": 534.2961739310995, "StaticDateFormatDetector": 1.187823597341776, "NotThrowDetector": 2.3190719168633223, "EqualsClassNameDetector": 1.2099306830205023, "CollectionAddItselfDetector": 1.4907773551531136, "FindRoughConstantsDetector": 8.766814699862152, "EqualityDetector": 2.3005400421097875, "CallToNullDetector": 4.359747590962797, "SimpleSuperclassNameDetector": 1.349915438797325, "SimpleInterfaceNameDetector": 1.7397361043840647, "HashCodeNameDetector": 1.6152656390331686, "ToStringNameDetector": 1.3253527637571096, "DontCatchIllegalMonitorStateException": 0.9709782213903964, "ExplicitInvDetector": 5.693679282441735, "PublicAccessDetector": 0.9517253148369491, "DefSerialVersionID": 0.7193259410560131, "DefReadResolveMethod": 1.2435240698978305, "SuspiciousCollectionMethodDetector": 1.5115835615433753, "FinalizerOnExitDetector": 4.769375383853912, "RandomOnceDetector": 4.257381386123598, "RandomD2IDetector": 4.034666731953621, "StringCtorDetector": 3.8320555514656007, "NewLineDetector": 3.172309106681496, "InvalidMinMaxDetector": 1.3759214817546308, "CheckForSelfComputation": 3.06542046694085, "CheckForSelfComparison": 8.412740313448012, "FindDeadLocalIncrementInReturn": 1.2604999961331487, "DefPrivateMethod": 1.1706387111917138, "EqualNameDetector": 1.580532609950751, "BooleanAssignmentDetector": 1.2877394687384367, "BadMonthDetector": 2.8865393130108714, "ShiftAddPriorityDetector": 0.8270630389451981, "FloatEqualityDetector": 0.7095912778750062, "FindBadCastDetector": 0.6423040055669844, "OverwrittenIncrementDetector": 0.9687463417649269, "SingleDotPatternDetector": 1.4167917370796204, "FileSeparatorAsRegexpDetector": 0.6948461341671646, "ClassNameConventionDetector": 0.7680835798382759, "MethodNameConventionDetector": 10.700236272532493, "DontUseEnumDetector": 1.6258469810709357, "CheckForSelfAssignment": 4.204791644588113, "CheckForSelfDoubleAssignment": 4.716161121148616}